short-name,common-name
BM Wheeler,Ben Wheeler
Tamim Iqbal,Tamim Iqbal
Imrul Kayes,Imrul Kayes
MJ Henry,Matt Henry
Sabbir Rahman,Sabbir Rahman
Shakib Al Hasan,Shakib Al Hasan
LH Ferguson,Lockie Ferguson
Soumya Sarkar,Soumya Sarkar
Mahmudullah,Mohammad Mahmudullah
C de Grandhomme,Colin de Grandhomme
MJ Santner,Mitchell Santner
Mosaddek Hossain,Mosaddek Hossain
Mashrafe Mortaza,Mashrafe Mortaza
Nurul Hasan,Nurul Hasan
Rubel Hossain,Rubel Hossain
NT Broom,Neil Broom
KS Williamson,Kane Williamson
C Munro,Colin Munro
Mustafizur Rahman,Mustafizur Rahman
CJ Anderson,Corey Anderson
TC Bruce,Tom Bruce
L Ronchi,Luke Ronchi
JDS Neesham,James Neesham
TA Boult,Trent Boult
IS Sodhi,Ish Sodhi
Taskin Ahmed,Taskin Ahmed
HM Amla,Hashim Amla
Q de Kock,Quinton de Kock
F du Plessis,Faf du Plessis
TG Southee,Tim Southee
AB de Villiers,AB de Villiers
JP Duminy,Jean-Paul Duminy
F Behardien,Farhaan Behardien
CH Morris,Chris Morris
WD Parnell,Wayne Parnell
GD Phillips,Glenn Phillips
D Paterson,Dane Paterson
AL Phehlukwayo,Andile Phehlukwayo
Imran Tahir,Imran Tahir
DJ Willey,David Willey
JT Smuts,JJ Smuts
RR Hendricks,Reeza Hendricks
MA Wood,Mark Wood
DA Miller,David Miller
CJ Jordan,Chris Jordan
LA Dawson,Liam Dawson
MS Crane,Mason Crane
JJ Roy,Jason Roy
AD Hales,Alex Hales
JM Bairstow,Jonny Bairstow
T Shamsi,Tabraiz Shamsi
D Pretorius,Dwaine Pretorius
TK Curran,Tom Curran
M Mosehle,Mangaliso Mosehle
LE Plunkett,Liam Plunkett
M Morkel,Morne Morkel
SW Billings,Sam Billings
LS Livingstone,Liam Livingstone
JC Buttler,Jos Buttler
EJG Morgan,Eoin Morgan
DJ Malan,Dawid Malan
CH Gayle,Chris Gayle
E Lewis,Evin Lewis
JE Root,Joe Root
MN Samuels,Marlon Samuels
AU Rashid,Adil Rashid
CAK Walton,Chadwick Walton
KA Pollard,Kieron Pollard
R Powell,Rovman Powell
CR Brathwaite,Carlos Brathwaite
SP Narine,Sunil Narine
AR Nurse,Ashley Nurse
JE Taylor,Jerome Taylor
KOK Williams,Kesrick Williams
TS Mills,Tymal Mills
V Kohli,Virat Kohli
KL Rahul,Lokesh Rahul
SK Raina,Suresh Raina
BA Stokes,Ben Stokes
MM Ali,Moeen Ali
Yuvraj Singh,Yuvraj Singh
MS Dhoni,Mahendra Singh Dhoni
MK Pandey,Manish Pandey
HH Pandya,Hardik Pandya
Parvez Rasool,Parvez Rasool
JJ Bumrah,Jasprit Bumrah
A Nehra,Ashish Nehra
YS Chahal,Yuzvendra Chahal
A Mishra,Amit Mishra
RR Pant,Rishabh Pant
Mohammed Shami,Mohammed Shami
J Charles,Johnson Charles
B Kumar,Bhuvneshwar Kumar
R Ashwin,Ravichandran Ashwin
RA Jadeja,Ravindra Jadeja
AD Russell,Andre Russell
STR Binny,Stuart Binny
DJ Bravo,Dwayne Bravo
LMP Simmons,Lendl Simmons
RG Sharma,Rohit Sharma
AM Rahane,Ajinkya Rahane
S Badree,Samuel Badree
ADS Fletcher,Andre Fletcher
KW Richardson,Kane Richardson
MJ Guptill,Martin Guptill
B Stanlake,Billy Stanlake
LRPL Taylor,Ross Taylor
AC Agar,Ashton Agar
AJ Tye,Andrew Tye
TA Blundell,Tom Blundell
A Zampa,Adam Zampa
MP Stoinis,Marcus Stoinis
DA Warner,David Warner
DJM Short,D'Arcy Short
CA Lynn,Chris Lynn
GJ Maxwell,Glenn Maxwell
AT Carey,Alex Carey
TM Head,Travis Head
JM Vince,James Vince
AJ Finch,Aaron Finch
MS Chapman,Mark Chapman
TL Seifert,Tim Seifert
Shafiul Islam,Shafiul Islam
Mohammad Saifuddin,Mohammad Saifuddin
BE Hendricks,Beuran Hendricks
R Frylinck,Robbie Frylinck
Mushfiqur Rahim,Mushfiqur Rahim
AM Phangiso,Aaron Phangiso
Liton Das,Liton Das
S Dhawan,Shikhar Dhawan
KD Karthik,Dinesh Karthik
KM Jadhav,Kedar Jadhav
Kuldeep Yadav,Kuldeep Yadav
AK Kitchen,Anaru Kitchen
DAJ Bracewell,Doug Bracewell
SHA Rance,Seth Rance
SD Hope,Shai Hope
SS Cottrell,Sheldon Cottrell
RR Emrit,Rayad Emrit
SO Hetmyer,Shimron Hetmyer
MC Henriques,Moises Henriques
DT Christian,Daniel Christian
TD Paine,Tim Paine
NM Coulter-Nile,Nathan Coulter-Nile
JP Behrendorff,Jason Behrendorff
MJ Swepson,Mitchell Swepson
UT Yadav,Umesh Yadav
JT Ball,Jake Ball
DL Chahar,Deepak Chahar
S Kaul,Siddarth Kaul
TWM Latham,Tom Latham
AR Patel,Axar Patel
HM Nicholls,Henry Nicholls
Mohammed Siraj,Mohammed Siraj
AF Milne,Adam Milne
SS Iyer,Shreyas Iyer
CJ Dala,Junior Dala
JD Unadkat,Jaydev Unadkat
H Klaasen,Heinrich Klaasen
SN Thakur,Shardul Thakur
C Jonker,Christiaan Jonker
Washington Sundar,Washington Sundar
V Shankar,Vijay Shankar
Nazmul Islam,Nazmul Islam
Abu Hider,Abu Hider
K Rabada,Kagiso Rabada
L Ngidi,Lungi Ngidi
KK Ahmed,Khaleel Ahmed
KH Pandya,Krunal Pandya
MA Starc,Mitchell Starc
KMA Paul,Keemo Paul
Ariful Haque,Ariful Haque
D Ramdin,Denesh Ramdin
O Thomas,Oshane Thomas
FA Allen,Fabian Allen
N Pooran,Nicholas Pooran
DM Bravo,Darren Bravo
SE Rutherford,Sherfane Rutherford
DJ Mitchell,Daryl Mitchell
SC Kuggeleijn,Scott Kuggeleijn
BM Tickner,Blair Tickner
K Pierre,Khary Pierre
JL Denly,Joe Denly
JO Holder,Jason Holder
D Bishoo,Devendra Bishoo
OC McCoy,Obed Mccoy
JD Campbell,John Campbell
JA Richardson,Jhye Richardson
PJ Cummins,Pat Cummins
M Markande,Mayank Markande
PSP Handscomb,Peter Handscomb
AJ Turner,Ashton Turner
T Bavuma,Temba Bavuma
HE van der Dussen,Rassie van der Dussen
DW Steyn,Dale Steyn
BC Fortuin,Bjorn Fortuin
SPD Smith,Steven Smith
MS Wade,Matthew Wade
MR Marsh,Mitchell Marsh
A Nortje,Anrich Nortje
Navdeep Saini,Navdeep Saini
Al-Amin Hossain,Al-Amin Hossain
Aminul Islam,Aminul Islam
Afif Hossain,Afif Hossain
S Dube,Shivam Dube
Mohammad Naim,Mohammad Naim
Mohammad Mithun,Mohammad Mithun
BA King,Brandon King
HR Walsh,Hayden Walsh
SM Curran,Sam Curran
PR Brown,Patrick Brown
S Mahmood,Saqib Mahmood
L Gregory,Lewis Gregory
MW Parkinson,Matt Parkinson
T Banton,Tom Banton
HK Bennett,Hamish Bennett
SV Samson,Sanju Samson
RD Chahar,Rahul Chahar
JC Archer,Jofra Archer
JR Hazlewood,Josh Hazlewood
SA Abbott,Sean Abbott
T Natarajan,Natarajan ST
DR Sams,Daniel Sams
KA Jamieson,Kyle Jamieson
DP Conway,Devon Conway
KR Mayers,Kyle Mayers
JR Philippe,Joshua Philippe
RP Meredith,Riley Meredith
Nasum Ahmed,Nasum Ahmed
FH Allen,Finn Allen
Shoriful Islam,Shoriful Islam
WA Young,Will Young
Mahedi Hasan,Mahedi Hasan
Nazmul Hossain Shanto,Nazmul Hossain Shanto
TD Astle,Todd Astle
GF Linde,George Linde
L Sipamla,Lutho Sipamla
Ishan Kishan,Ishan Kishan
SA Yadav,Suryakumar Yadav
AJ Hosein,Akeal Hosein
R Shepherd,Romario Shepherd
OF Smith,Odean Smith
RJW Topley,Reece Topley
GHS Garton,George Garton
PD Salt,Philip Salt
HC Brook,Harry Brook
DC Drakes,Dominic Drakes
K Sinclair,Kevin Sinclair
AK Markram,Aiden Markram
FH Edwards,Fidel Edwards
PWA Mulder,Wiaan Mulder
Shamim Hossain,Shamim Hossain
NT Ellis,Nathan Ellis
R Ravindra,Rachin Ravindra
CE McConchie,Cole McConchie
AY Patel,Ansh Patel
JA Duffy,Jacob Duffy
BV Sears,Ben Sears
KA Maharaj,Keshav Maharaj
CR Woakes,Chris Woakes
R Rampaul,Ravi Rampaul
RL Chase,Roston Chase
CV Varun,Varun Chakaravarthy
DJ Hooda,Deepak Hooda
HV Patel,Harshal Patel
Arshdeep Singh,Arshdeep Singh
RJ Gleeson,Richard Gleeson
Avesh Khan,Avesh Khan
Umran Malik,Umran Malik
Ravi Bishnoi,Ravi Bishnoi
T Stubbs,Tristan Stubbs
RR Rossouw,Rilee Rossouw
VR Iyer,Venkatesh Iyer
RD Gaikwad,Ruturaj Gaikwad
M Jansen,Marco Jansen
TH David,Tim David
Hasan Mahmud,Hasan Mahmud
Yasir Ali Chowdhury,Yasir Ali Chowdhury
Munim Shahriar,Munim Shahriar
Anamul Haque,Anamul Haque
SSJ Brooks,Shamarh Brooks
C Green,Chris Green
RA Reifer,Raymon Reifer
AS Joseph,Alzarri Joseph
Y Cariah,Yannic Cariah
DC Thomas,Devon Thomas
MG Bracewell,Michael Bracewell
JP Inglis,Josh Inglis
L Wood,Luke Wood
BA Carse,Brydon Carse
WG Jacks,Will Jacks
AAP Atkinson,Gus Atkinson
Rehan Ahmed,Rehan Ahmed
SSB Magala,Sisanda Magala
Shivam Mavi,Shivam Mavi
Shubman Gill,Shubman Gill
RA Tripathi,Rahul Tripathi
BG Lister,Ben Lister
Rony Talukdar,Rony Talukdar
Towhid Hridoy,Towhid Hridoy
Tanvir Islam,Tanvir Islam
MW Short,Matt Short
G Coetzee,Gerald Coetzee
LB Williams,Lizaad Williams
AM Hardie,Aaron Hardie
SH Johnson,Spencer Johnson
T Sangha,Tanveer Sangha
D Brevis,Dewald Brevis
MP Breetzke,Matthew Breetzke
D Ferreira,Donavon Ferreira
G Motie,Gudakesh Motie
MW Forde,Matthew Forde
XC Bartlett,Xavier Bartlett
Mukesh Kumar,Mukesh Kumar
Tilak Varma,Tilak Varma
YBK Jaiswal,Yashasvi Jaiswal
JG Bethell,Jacob Bethell
JM Cox,Josh Cox
J Overton,Jamie Overton
C Connolly,Cooper Connolly
RK Singh,Rinku Singh
JM Sharma,Jaydev Unadkat Sharma
N Burger,Nandre Burger
Tanzim Hasan Sakib,Tanzim Hasan Sakib
Rishad Hossain,Rishad Hossain
JA Clarkson,James Clarkson
CJ Green,Chris Green
Parvez Hossain Emon,Parvez Hossain Emon
Mahmudul Hasan Joy,Mahmudul Hasan Joy
R Sai Kishore,R Sai Kishore
Saif Hassan,Saif Hassan
Zakir Hasan,Zakir Hasan
Shahadat Hossain,Shahadat Hossain
Jaker Ali,Jaker Ali
Mrittunjoy Chowdhury,Mrittunjoy Chowdhury
Shahbaz Ahmed,Shahbaz Ahmed
Rakibul Hasan,Rakibul Hasan
R Mondol,Ripon Mondol
Hasan Murad,Hasan Murad
Tanzid Hasan,Tanzid Hasan
OEG Baartman,Ottniel Baartman
S Joseph,Shamar Joseph
RD Rickelton,Ryan Rickelton
N Peter,Nyeem Peter
PE Kruger,Peet Kruger
A Athanaze,Alick Athanaze
KT Maphaka,Kwena Maphaka
JF Smith,Jordan Smith
T Hinds,Tevin Hinds
JA Turner,Joel Turner
JNT Seales,Jayden Seales
JP Greaves,Justin Greaves
MP Yadav,Musheer Yadav
Abhishek Sharma,Abhishek Sharma
R Parag,Riyan Parag
JL Smith,Jordan Smith
Dhruv Jurel,Dhruv Jurel
Harshit Rana,Harshit Rana
A Simelane,Andile Simelane
Ramandeep Singh,Ramandeep Singh
B Lee,Brett Lee
ME Trescothick,Marcus Trescothick
GO Jones,Geraint Jones
GD McGrath,Glenn McGrath
A Flintoff,Andrew Flintoff
MS Kasprowicz,Michael Kasprowicz
KP Pietersen,Kevin Pietersen
JN Gillespie,Jason Gillespie
MJ Clarke,Michael Clarke
MP Vaughan,Michael Vaughan
A Symonds,Andrew Symonds
AJ Strauss,Andrew Strauss
VS Solanki,Vikram Solanki
D Gough,Darren Gough
AC Gilchrist,Adam Gilchrist
ML Hayden,Matthew Hayden
MEK Hussey,Michael Hussey
RT Ponting,Ricky Ponting
DR Martyn,Damien Martyn
SJ Harmison,Steve Harmison
DR Tuffey,Daryl Tuffey
KD Mills,Kyle Mills
SM Katich,Simon Katich
CL Cairns,Chris Cairns
JW Wilson,James Wilson
AR Adams,Andre Adams
BB McCullum,Brendon McCullum
SP Fleming,Stephen Fleming
MS Sinclair,Mathew Sinclair
SB Styris,Scott Styris
JR Hopes,James Hopes
CD McMillan,Craig McMillan
HJH Marshall,Hamish Marshall
SE Bond,Shane Bond
GC Smith,Graeme Smith
JH Kallis,Jacques Kallis
NJ Astle,Nathan Astle
HH Gibbs,Herschelle Gibbs
JS Patel,Jeetan Patel
JM Kemp,Justin Kemp
MV Boucher,Mark Boucher
SM Pollock,Shaun Pollock
AG Prince,Ashwell Prince
JA Morkel,Albie Morkel
CK Langeveldt,Charl Langeveldt
M Ntini,Makhaya Ntini
A Nel,Andre Nel
N Boje,Nicky Boje
JDP Oram,Jacob Oram
GJP Kruger,Kruger van Wyk
M Zondeki,Monde Zondeki
AJ Hall,Andrew Hall
J Botha,Johan Botha
NW Bracken,Nathan Bracken
HH Dippenaar,Herschelle Dippenaar
ML Lewis,Mark Lewis
SR Clark,Stuart Clark
JA Rudolph,Jacques Rudolph
JEC Franklin,James Franklin
D Ganga,Daren Ganga
RS Morton,Runako Morton
DR Smith,Dwayne Smith
WW Hinds,Wavell Hinds
S Chanderpaul,Shivnarine Chanderpaul
IDR Bradshaw,Ian Bradshaw
DK Butler,David Butler
PG Fulton,Peter Fulton
LE Bosman,Loots Bosman
SR Watson,Shane Watson
GB Hogg,Brad Hogg
JJ van der Wath,Johan van der Wath
RJ Peterson,Robin Peterson
JM Anderson,James Anderson
MS Panesar,Monty Panesar
JWM Dalrymple,Jamie Dalrymple
CL White,Cameron White
SM Harwood,Shane Harwood
IR Bell,Ian Bell
BW Hilfenhaus,Ben Hilfenhaus
PA Nixon,Paul Nixon
Z Khan,Zaheer Khan
S Sreesanth,Shanthakumaran Sreesanth
AB Agarkar,Ajit Agarkar
IK Pathan,Irfan Pathan
SR Tendulkar,Sachin Tendulkar
Harbhajan Singh,Harbhajan Singh
T Henderson,Tyron Henderson
V Sehwag,Virender Sehwag
D Mongia,Dinesh Mongia
DS Smith,Dwayne Smith
SCJ Broad,Stuart Broad
MH Yardy,Michael Yardy
AD Mascarenhas,Dimitri Mascarenhas
DJG Sammy,Darren Sammy
DBL Powell,Daren Powell
AN Cook,Sir Alastair Cook
MJ Prior,Matt Prior
IJL Trott,Jonathan Trott
OA Shah,Owais Shah
ACL Richards,Viv Richards
VD Philander,Vernon Philander
RR Sarwan,Ramnaresh Sarwan
Syed Rasel,Syed Rasel
Abdur Razzak,Abdur Razzak
Farhad Reza,Farhad Reza
Mohammad Ashraful,Mohammad Ashraful
Nazimuddin,Nazimuddin
Aftab Ahmed,Aftab Ahmed
Alok Kapali,Alok Kapali
DL Maddy,Darren Maddy
MG Johnson,Mitchell Johnson
LJ Wright,Luke Wright
CP Schofield,Chris Schofield
RJ Kirtley,Richard Kirtley
RP Singh,RP Singh
DL Vettori,Daniel Vettori
MR Gillespie,Mark Gillespie
G Gambhir,Gautam Gambhir
RV Uthappa,Robin Uthappa
JN Snape,Jonathan Snape
CS Martin,Chris Martin
NL McCullum,Nathan McCullum
CT Tremlett,Chris Tremlett
Joginder Sharma,Joginder Sharma
BJ Hodge,Brad Hodge
BJ Haddin,Brad Haddin
AC Voges,Adam Voges
LA Pomersbach,Luke Pomersbach
AA Noffke,Ashley Noffke
JM How,Jamie How
SW Tait,Shaun Tait
DJ Hussey,David Hussey
P Kumar,Praveen Kumar
I Sharma,Ishant Sharma
JAH Marshall,Hamish Marshall
GP Swann,Graeme Swann
DR Flynn,Daniel Flynn
MJ Mason,Matt Mason
M Kartik,Murali Kartik
GJ Hopkins,Gareth Hopkins
JL Ontong,Justin Ontong
RN Lewis,Ricardo Lewis
JD Ryder,Jesse Ryder
PA Hitchcock,Paul Hitchcock
MN van Wyk,Morne van Wyk
GH Bodi,Gulam Bodi
BA Parchment,Brenton Parchment
SE Marsh,Shaun Marsh
SJ Benn,Sulieman Benn
KAJ Roach,Kemar Roach
XM Marshall,Xavier Marshall
WKD Perkins,William Perkins
RS Bopara,Ravi Bopara
Naeem Islam,Naeem Islam
J Louw,Johann Louw
Junaid Siddique,Junaid Siddique
Raqibul Hasan,Raqibul Hasan
B Geeves,Brett Geeves
VB van Jaarsveld,Vaughn van Jaarsveld
B Laughlin,Ben Laughlin
RE van der Merwe,Roelof van der Merwe
YA Abdulla,Yusuf Abdulla
CJ Ferguson,Callum Ferguson
LL Tsotsobe,Lonwabo Tsotsobe
ND McKenzie,Neil McKenzie
IE O'Brien,Iain O'Brien
IG Butler,Ian Butler
GD Elliott,Grant Elliott
PM Siddle,Peter Siddle
SM Davies,Steve Davies
LS Baker,Liam Baker
GJ Batty,Gareth Batty
A Khan,Aman Khan
YK Pathan,Yusuf Pathan
PP Ojha,Pragyan Ojha
BJ Diamanti,Brendon Diamanti
JS Foster,James Foster
SE Findlay,Shane Findlay
CS Baugh,Carlton Baugh
EP Thompson,Ethan Thompson
R McLaren,Ryan McLaren
SI Mahmood,Sajid Mahmood
HG Kuhn,Heino Kuhn
GC Tonge,Gavin Tonge
NO Miller,Nikita Miller
DE Bernard,David Bernard
Nazmul Hossain,Nazmul Hossain
DM Richards,Dale Richards
TM Dowlin,Travis Dowlin
FL Reifer,Floyd Reifer
N Deonarine,Narsingh Deonarine
TR Birt,Travis Birt
DP Nannes,Dirk Nannes
RJ Harris,Ryan Harris
M Vijay,Murali Vijay
PP Chawla,Piyush Chawla
MJ Lumb,Michael Lumb
Jahurul Islam,Jahurul Islam
AJ Redmond,Aaron Redmond
PJ Ingram,Peter Ingram
AN Petersen,Alviro Petersen
A Shahzad,Ajmal Shahzad
SNJ O'Keefe,Steve O'Keefe
J Theron,Juan Theron
CA Ingram,Colin Ingram
MM Patel,Munaf Patel
PA Patel,Parthiv Patel
JW Dernbach,Jade Dernbach
R Dravid,Rahul Dravid
SR Patel,Samit Patel
R Vinay Kumar,Vinay Kumar
S Badrinath,Subramaniam Badrinath
CD Barnwell,Christopher Barnwell
DP Hyatt,Danesh Ramdin Hyatt
DE Bollinger,Doug Bollinger
JL Pattinson,James Pattinson
R Sharma,Rahul Sharma
GJ Bailey,George Bailey
XJ Doherty,Xavier Doherty
JP Faulkner,James Faulkner
CJ McKay,Clinton McKay
RE Levi,Richard Levi
RM Hira,Roneel Hira
RJ Nicol,Rob Nicol
M de Lange,Marchant De Lange
MD Bates,Michael Bates
ST Finn,Steven Finn
MK Tiwary,Manoj Tiwary
NE Bonner,Nkrumah Bonner
DO Christian,Dan Christian
MC Bascombe,Miles Bascombe
SG Borthwick,Scott Borthwick
K Santokie,Krismar Santokie
GE Mathurin,Garey Mathurin
AB Barath,Adrian Barath
A Martin,Andre Martin
Nasir Hossain,Nasir Hossain
Elias Sunny,Elias Sunny
Ziaur Rahman,Ziaur Rahman
L Balaji,Lakshmipathy Balaji
AB Dinda,Ashok Dinda
DR Briggs,Danny Briggs
DG Brownlie,Dean Brownlie
AM Ellis,Andrew Ellis
P Awana,Parvinder Awana
JC Tredwell,James Tredwell
SC Meaker,Stuart Meaker
WB Rankin,Boyd Rankin
HD Rutherford,Hamish Rutherford
MJ McClenaghan,Mitchell McClenaghan
Fawad Ahmed,Fawad Ahmed
H Davids,Henry Davids
BCJ Cutting,Ben Cutting
TL Best,Tino Best
BJ Rohrer,Ben Rohrer
Sohag Gazi,Sohag Gazi
JM Muirhead,James Muirhead
SD Parry,Stephen Parry
NJ Maddinson,Nic Maddinson
KJ Abbott,Kyle Abbott
KOA Powell,Kieran Powell
MM Sharma,Mohit Sharma
KV Sharma,Karn Sharma
HF Gurney,Harry Gurney
AT Rayudu,Ambati Rayudu
AP Devcich,Anton Devcich
Shamsur Rahman,Shamsur Rahman
Mominul Haque,Mominul Haque
D Wiese,David Wiese
BJ Watling,BJ Watling
CJ Boyce,Cameron Boyce
BR Dunk,Ben Dunk
NJ Reardon,Nathan Reardon
Arafat Sunny,Arafat Sunny
E Leie,Eddie Leie
GH Worker,George Worker
UT Khawaja,Usman Khawaja
PM Nevill,Peter Nevill
JW Hastings,John Hastings
SM Boland,Scott Boland
NM Lyon,Nathan Lyon
CT Bancroft,Cameron Bancroft
S Aravind,S Aravind
Shuvagata Hom,Shuvagata Hom
Saqlain Sajib,Saqlain Sajib
Mehedi Hasan Miraz,Mehidy Hasan Miraz
JN Mohammed,M Mohammed
BR McDermott,Ben McDermott
PJ van Biljon,Pite van Biljon
Ebadat Hossain,Ebadot Hossain
BM Duckett,Ben Duckett
J Fraser-McGurk,Jake Fraser-McGurk
M Prasidh Krishna,Prasidh Krishna
BJ Dwarshuis,Ben Dwarshuis
DR Mousley,Dan Mousley
Nithish Kumar Reddy,Nitish Kumar Reddy
PD Collingwood,Paul Collingwood
J Lewis,Jon Lewis
L Vincent,Lou Vincent
R Telemachus,Roger Telemachus
EC Joyce,Ed Joyce
RJ Sidebottom,Ryan Sidebottom
P Mustard,Phil Mustard
RK Kleinveldt,Rory Kleinveldt
Mehrab Hossain jnr,Mehrab Hossain
TT Bresnan,Tim Bresnan
C Kieswetter,Craig Kieswetter
